{
  "summary": {
    "ABC-Vanilla": {
      "runs": 1,
      "abs_err_sigma2_mean": 0.2173079452673019,
      "abs_err_sigma2_std": 0.0,
      "abs_err_mu_mean_mean": 24.64705991355049,
      "abs_err_mu_mean_std": 0.0,
      "runtime_sec_mean": 1.5961222648620605,
      "runtime_sec_std": 0.0,
      "n_sim_total_mean": 266.0,
      "n_sim_total_std": 0.0,
      "eps_final_mean": 11.131262571986404,
      "eps_final_std": 0.0,
      "ok_runs": 1
    },
    "permABC-Vanilla": {
      "runs": 1,
      "abs_err_sigma2_mean": 0.03254947650449247,
      "abs_err_sigma2_std": 0.0,
      "abs_err_mu_mean_mean": 1.1153552431948293,
      "abs_err_mu_mean_std": 0.0,
      "runtime_sec_mean": 2.1643097400665283,
      "runtime_sec_std": 0.0,
      "n_sim_total_mean": 122.0,
      "n_sim_total_std": 0.0,
      "eps_final_mean": 11.131262571986404,
      "eps_final_std": 0.0,
      "ok_runs": 1
    },
    "ABC-SMC": {
      "runs": 1,
      "abs_err_sigma2_mean": 0.017015417504278707,
      "abs_err_sigma2_std": 0.0,
      "abs_err_mu_mean_mean": 2.166976972454957,
      "abs_err_mu_mean_std": 0.0,
      "runtime_sec_mean": 0.2926063537597656,
      "runtime_sec_std": 0.0,
      "n_sim_total_mean": 944.0,
      "n_sim_total_std": 0.0,
      "eps_final_mean": 23.164817360603635,
      "eps_final_std": 0.0,
      "ok_runs": 1
    },
    "ABC-PMC": {
      "runs": 1,
      "abs_err_sigma2_mean": 0.4024818677696711,
      "abs_err_sigma2_std": 0.0,
      "abs_err_mu_mean_mean": 0.055118007430056126,
      "abs_err_mu_mean_std": 0.0,
      "runtime_sec_mean": 158.6849901676178,
      "runtime_sec_std": 0.0,
      "n_sim_total_mean": 534736.0,
      "n_sim_total_std": 0.0,
      "eps_final_mean": 0.6817619830085997,
      "eps_final_std": 0.0,
      "ok_runs": 1
    },
    "permABC-SMC": {
      "runs": 1,
      "abs_err_sigma2_mean": 0.15340812682363847,
      "abs_err_sigma2_std": 0.0,
      "abs_err_mu_mean_mean": 0.5241641319720456,
      "abs_err_mu_mean_std": 0.0,
      "runtime_sec_mean": 1.144207239151001,
      "runtime_sec_std": 0.0,
      "n_sim_total_mean": 1232.0,
      "n_sim_total_std": 0.0,
      "eps_final_mean": 19.160236002956466,
      "eps_final_std": 0.0,
      "ok_runs": 1
    }
  }
}