{
  "summary": {
    "perm": {
      "runs": 6,
      "mae_global_mean": 0.626439940655447,
      "mae_global_std": 0.025084575616823472,
      "mae_local_mean_mean": 0.5775812590519115,
      "mae_local_mean_std": 0.023661513630165016,
      "runtime_sec_mean": 0.8478678067525228,
      "runtime_sec_std": 0.27042690362586624,
      "n_sim_total_mean": 76856.0,
      "eps_final_mean": 10.412381014606781
    },
    "smc": {
      "runs": 6,
      "mae_global_mean": 0.6251611092687429,
      "mae_global_std": 0.01343274561699924,
      "mae_local_mean_mean": 0.5771501462206631,
      "mae_local_mean_std": 0.019977238354032104,
      "runtime_sec_mean": 0.29142693678538006,
      "runtime_sec_std": 0.2657280791670029,
      "n_sim_total_mean": 72088.0,
      "eps_final_mean": 11.698296868236845
    }
  }
}